Key,Value,Percent
Male,799186,0.5482946106058995
Female,185725,0.1274196702079124
Unknown,472674,0.3242857191861881
