Key,Value,Percent
Male,1164541,0.5350243704324104
Female,996356,0.45775523715056377
Unknown,15716,0.0072203924170259025
